{
    "version": 1,
    "models": {
        "User": {
            "name": "User",
            "fields": {
                "id": {
                    "name": "id",
                    "isArray": false,
                    "type": "ID",
                    "isRequired": true,
                    "attributes": []
                },
                "email": {
                    "name": "email",
                    "isArray": false,
                    "type": "String",
                    "isRequired": true,
                    "attributes": []
                },
                "firstName": {
                    "name": "firstName",
                    "isArray": false,
                    "type": "String",
                    "isRequired": false,
                    "attributes": []
                },
                "lastName": {
                    "name": "lastName",
                    "isArray": false,
                    "type": "String",
                    "isRequired": false,
                    "attributes": []
                },
                "accountType": {
                    "name": "accountType",
                    "isArray": false,
                    "type": {
                        "enum": "UserAccountType"
                    },
                    "isRequired": false,
                    "attributes": []
                },
                "createdAt": {
                    "name": "createdAt",
                    "isArray": false,
                    "type": "AWSDateTime",
                    "isRequired": false,
                    "attributes": []
                },
                "updatedAt": {
                    "name": "updatedAt",
                    "isArray": false,
                    "type": "AWSDateTime",
                    "isRequired": false,
                    "attributes": []
                }
            },
            "syncable": true,
            "pluralName": "Users",
            "attributes": [
                {
                    "type": "model",
                    "properties": {}
                },
                {
                    "type": "auth",
                    "properties": {
                        "rules": [
                            {
                                "provider": "userPools",
                                "ownerField": "owner",
                                "allow": "owner",
                                "identityClaim": "cognito:username",
                                "operations": [
                                    "create",
                                    "update",
                                    "delete",
                                    "read"
                                ]
                            }
                        ]
                    }
                }
            ],
            "primaryKeyInfo": {
                "isCustomPrimaryKey": false,
                "primaryKeyFieldName": "id",
                "sortKeyFieldNames": []
            }
        },
        "Influencer": {
            "name": "Influencer",
            "fields": {
                "id": {
                    "name": "id",
                    "isArray": false,
                    "type": "ID",
                    "isRequired": true,
                    "attributes": []
                },
                "userId": {
                    "name": "userId",
                    "isArray": false,
                    "type": "String",
                    "isRequired": true,
                    "attributes": []
                },
                "displayName": {
                    "name": "displayName",
                    "isArray": false,
                    "type": "String",
                    "isRequired": true,
                    "attributes": []
                },
                "bio": {
                    "name": "bio",
                    "isArray": false,
                    "type": "String",
                    "isRequired": false,
                    "attributes": []
                },
                "location": {
                    "name": "location",
                    "isArray": false,
                    "type": "String",
                    "isRequired": false,
                    "attributes": []
                },
                "website": {
                    "name": "website",
                    "isArray": false,
                    "type": "String",
                    "isRequired": false,
                    "attributes": []
                },
                "platforms": {
                    "name": "platforms",
                    "isArray": false,
                    "type": "String",
                    "isRequired": false,
                    "attributes": []
                },
                "followerCount": {
                    "name": "followerCount",
                    "isArray": false,
                    "type": "String",
                    "isRequired": false,
                    "attributes": []
                },
                "contentCategories": {
                    "name": "contentCategories",
                    "isArray": false,
                    "type": "String",
                    "isRequired": false,
                    "attributes": []
                },
                "personalValues": {
                    "name": "personalValues",
                    "isArray": false,
                    "type": "String",
                    "isRequired": false,
                    "attributes": []
                },
                "contentStyle": {
                    "name": "contentStyle",
                    "isArray": false,
                    "type": "String",
                    "isRequired": false,
                    "attributes": []
                },
                "audienceAge": {
                    "name": "audienceAge",
                    "isArray": false,
                    "type": "String",
                    "isRequired": false,
                    "attributes": []
                },
                "audienceGender": {
                    "name": "audienceGender",
                    "isArray": false,
                    "type": "String",
                    "isRequired": false,
                    "attributes": []
                },
                "profileImage": {
                    "name": "profileImage",
                    "isArray": false,
                    "type": "String",
                    "isRequired": false,
                    "attributes": []
                },
                "isVerified": {
                    "name": "isVerified",
                    "isArray": false,
                    "type": "Boolean",
                    "isRequired": false,
                    "attributes": []
                },
                "createdAt": {
                    "name": "createdAt",
                    "isArray": false,
                    "type": "AWSDateTime",
                    "isRequired": false,
                    "attributes": []
                },
                "updatedAt": {
                    "name": "updatedAt",
                    "isArray": false,
                    "type": "AWSDateTime",
                    "isRequired": false,
                    "attributes": []
                }
            },
            "syncable": true,
            "pluralName": "Influencers",
            "attributes": [
                {
                    "type": "model",
                    "properties": {}
                },
                {
                    "type": "auth",
                    "properties": {
                        "rules": [
                            {
                                "provider": "userPools",
                                "ownerField": "owner",
                                "allow": "owner",
                                "identityClaim": "cognito:username",
                                "operations": [
                                    "create",
                                    "update",
                                    "delete",
                                    "read"
                                ]
                            }
                        ]
                    }
                }
            ],
            "primaryKeyInfo": {
                "isCustomPrimaryKey": false,
                "primaryKeyFieldName": "id",
                "sortKeyFieldNames": []
            }
        },
        "Brand": {
            "name": "Brand",
            "fields": {
                "id": {
                    "name": "id",
                    "isArray": false,
                    "type": "ID",
                    "isRequired": true,
                    "attributes": []
                },
                "userId": {
                    "name": "userId",
                    "isArray": false,
                    "type": "String",
                    "isRequired": true,
                    "attributes": []
                },
                "companyName": {
                    "name": "companyName",
                    "isArray": false,
                    "type": "String",
                    "isRequired": true,
                    "attributes": []
                },
                "displayName": {
                    "name": "displayName",
                    "isArray": false,
                    "type": "String",
                    "isRequired": true,
                    "attributes": []
                },
                "bio": {
                    "name": "bio",
                    "isArray": false,
                    "type": "String",
                    "isRequired": false,
                    "attributes": []
                },
                "location": {
                    "name": "location",
                    "isArray": false,
                    "type": "String",
                    "isRequired": false,
                    "attributes": []
                },
                "website": {
                    "name": "website",
                    "isArray": false,
                    "type": "String",
                    "isRequired": false,
                    "attributes": []
                },
                "industry": {
                    "name": "industry",
                    "isArray": false,
                    "type": "String",
                    "isRequired": false,
                    "attributes": []
                },
                "companySize": {
                    "name": "companySize",
                    "isArray": false,
                    "type": "String",
                    "isRequired": false,
                    "attributes": []
                },
                "brandValues": {
                    "name": "brandValues",
                    "isArray": false,
                    "type": "String",
                    "isRequired": false,
                    "attributes": []
                },
                "missionStatement": {
                    "name": "missionStatement",
                    "isArray": false,
                    "type": "String",
                    "isRequired": false,
                    "attributes": []
                },
                "targetAudience": {
                    "name": "targetAudience",
                    "isArray": false,
                    "type": "String",
                    "isRequired": false,
                    "attributes": []
                },
                "logo": {
                    "name": "logo",
                    "isArray": false,
                    "type": "String",
                    "isRequired": false,
                    "attributes": []
                },
                "isVerified": {
                    "name": "isVerified",
                    "isArray": false,
                    "type": "Boolean",
                    "isRequired": false,
                    "attributes": []
                },
                "createdAt": {
                    "name": "createdAt",
                    "isArray": false,
                    "type": "AWSDateTime",
                    "isRequired": false,
                    "attributes": []
                },
                "updatedAt": {
                    "name": "updatedAt",
                    "isArray": false,
                    "type": "AWSDateTime",
                    "isRequired": false,
                    "attributes": []
                }
            },
            "syncable": true,
            "pluralName": "Brands",
            "attributes": [
                {
                    "type": "model",
                    "properties": {}
                },
                {
                    "type": "auth",
                    "properties": {
                        "rules": [
                            {
                                "provider": "userPools",
                                "ownerField": "owner",
                                "allow": "owner",
                                "identityClaim": "cognito:username",
                                "operations": [
                                    "create",
                                    "update",
                                    "delete",
                                    "read"
                                ]
                            }
                        ]
                    }
                }
            ],
            "primaryKeyInfo": {
                "isCustomPrimaryKey": false,
                "primaryKeyFieldName": "id",
                "sortKeyFieldNames": []
            }
        },
        "MatchRequest": {
            "name": "MatchRequest",
            "fields": {
                "id": {
                    "name": "id",
                    "isArray": false,
                    "type": "ID",
                    "isRequired": true,
                    "attributes": []
                },
                "userId": {
                    "name": "userId",
                    "isArray": false,
                    "type": "String",
                    "isRequired": true,
                    "attributes": []
                },
                "brandId": {
                    "name": "brandId",
                    "isArray": false,
                    "type": "String",
                    "isRequired": true,
                    "attributes": []
                },
                "influencerId": {
                    "name": "influencerId",
                    "isArray": false,
                    "type": "String",
                    "isRequired": true,
                    "attributes": []
                },
                "status": {
                    "name": "status",
                    "isArray": false,
                    "type": {
                        "enum": "MatchRequestStatus"
                    },
                    "isRequired": false,
                    "attributes": []
                },
                "brandValues": {
                    "name": "brandValues",
                    "isArray": false,
                    "type": "String",
                    "isRequired": false,
                    "attributes": []
                },
                "missionStatement": {
                    "name": "missionStatement",
                    "isArray": false,
                    "type": "String",
                    "isRequired": false,
                    "attributes": []
                },
                "targetEmotion": {
                    "name": "targetEmotion",
                    "isArray": false,
                    "type": "String",
                    "isRequired": false,
                    "attributes": []
                },
                "results": {
                    "name": "results",
                    "isArray": false,
                    "type": "String",
                    "isRequired": false,
                    "attributes": []
                },
                "createdAt": {
                    "name": "createdAt",
                    "isArray": false,
                    "type": "AWSDateTime",
                    "isRequired": false,
                    "attributes": []
                },
                "updatedAt": {
                    "name": "updatedAt",
                    "isArray": false,
                    "type": "AWSDateTime",
                    "isRequired": false,
                    "attributes": []
                }
            },
            "syncable": true,
            "pluralName": "MatchRequests",
            "attributes": [
                {
                    "type": "model",
                    "properties": {}
                },
                {
                    "type": "auth",
                    "properties": {
                        "rules": [
                            {
                                "provider": "userPools",
                                "ownerField": "owner",
                                "allow": "owner",
                                "identityClaim": "cognito:username",
                                "operations": [
                                    "create",
                                    "update",
                                    "delete",
                                    "read"
                                ]
                            }
                        ]
                    }
                }
            ],
            "primaryKeyInfo": {
                "isCustomPrimaryKey": false,
                "primaryKeyFieldName": "id",
                "sortKeyFieldNames": []
            }
        }
    },
    "enums": {
        "UserAccountType": {
            "name": "UserAccountType",
            "values": [
                "influencer",
                "brand"
            ]
        },
        "MatchRequestStatus": {
            "name": "MatchRequestStatus",
            "values": [
                "pending",
                "processing",
                "completed",
                "failed"
            ]
        }
    },
    "nonModels": {}
}